LDA n components:,Accuracy,Macro Precision,Macro Recall,Macro F1-Score,Silhouette Score,Davies-Bouldin Index,Adjusted Rand Index (ARI),Normalized Mutual Information (NMI)
1,0.9120772946859903,0.912397460147903,0.9120069936175416,0.9120148247501294,0.6324458212306708,0.4830067976655513,0.6793853377629956,0.5735769243402282
2,0.9120772946859903,0.912397460147903,0.9120069936175416,0.9120148247501294,0.6096663331745684,0.5170910790692498,0.6793853377629956,0.5735769243402282
3,0.9120772946859903,0.912397460147903,0.9120069936175416,0.9120148247501294,0.5797030820108525,0.5669060883679139,0.6793853377629956,0.5735769243402282
4,0.9120772946859903,0.912397460147903,0.9120069936175416,0.9120148247501294,0.5394950553216284,0.6390588635350545,0.6793853377629956,0.5735769243402283
5,0.9120772946859903,0.912397460147903,0.9120069936175416,0.9120148247501294,0.5065397138620265,0.7026629826543077,0.6793853377629956,0.5735769243402282
6,0.9120772946859903,0.912397460147903,0.9120069936175416,0.9120148247501294,0.47796961640399616,0.7629722647741342,0.6793853377629956,0.5735769243402282
7,0.9120772946859903,0.912397460147903,0.9120069936175416,0.9120148247501294,0.4489081256857365,0.8285348504495621,0.6793853377629956,0.5735769243402282
8,0.9120772946859903,0.912397460147903,0.9120069936175416,0.9120148247501294,0.42615812593775626,0.8845232925668218,0.6793853377629956,0.5735769243402282
9,0.9120772946859903,0.912397460147903,0.9120069936175416,0.9120148247501294,0.4070091729020088,0.9339308866448197,0.6793853377629956,0.5735769243402283
10,0.9115942028985508,0.9118787991898358,0.9115215567243379,0.9115332024583982,0.38863366639309704,0.984507195897611,0.6778084963521591,0.5718353709317361
11,0.9120772946859905,0.9124039944698694,0.911988846443964,0.9120131536512224,0.3731060407301868,1.029078630619964,0.6794040366076282,0.5735663158639502
12,0.9115942028985508,0.9119039680950923,0.9115262243867723,0.9115328804021123,0.3567027193228554,1.079978848166721,0.677892743386806,0.5721301619368655
13,0.91256038647343,0.9129226554279368,0.9124742833371677,0.9124947759429537,0.34467164832744024,1.118532273648653,0.6809808780184646,0.5753078692724423
14,0.9120772946859903,0.912397460147903,0.9120069936175416,0.9120148247501294,0.33244463726034323,1.1602972914335123,0.6793853377629956,0.5735769243402283
15,0.9120772946859903,0.912397460147903,0.9120069936175416,0.9120148247501294,0.3203127399976597,1.20308475783476,0.6793853377629956,0.5735769243402283
16,0.9115942028985508,0.9119039680950923,0.9115262243867723,0.9115328804021123,0.3087901047110293,1.245368197757823,0.677892743386806,0.5721301619368654
17,0.9115942028985508,0.9118787991898358,0.9115215567243379,0.9115332024583982,0.2970918989747968,1.2907998870915653,0.6778084963521591,0.571835370931736
18,0.9120772946859903,0.912397460147903,0.9120069936175416,0.9120148247501294,0.28738447101546927,1.3303465629803752,0.6793853377629956,0.5735769243402282
19,0.91256038647343,0.9129226554279368,0.9124742833371677,0.9124947759429537,0.27797133296807447,1.3709692182223918,0.6809808780184646,0.5753078692724423
20,0.9115942028985508,0.9119039680950923,0.9115262243867723,0.9115328804021123,0.26945519787241584,1.4091120427669797,0.677892743386806,0.5721301619368654
21,0.9120772946859903,0.9123675518719032,0.9120166062292882,0.9120174588641301,0.26097199726377196,1.4490128070113066,0.6794788482398225,0.5737340643975771
22,0.9111111111111112,0.911385307137025,0.9110407874935685,0.911051258110381,0.25358440079175,1.48559869676859,0.6763159019759695,0.5703886085283734
23,0.9115942028985508,0.9118787991898358,0.9115215567243379,0.9115332024583982,0.24625420378104845,1.5235990688056913,0.6778084963521591,0.5718353709317361
24,0.9111111111111112,0.911385307137025,0.9110407874935685,0.911051258110381,0.23865273294338712,1.5633869188218943,0.6763159019759695,0.5703886085283734
25,0.9115942028985508,0.9118787991898358,0.9115215567243379,0.9115332024583982,0.2319181548914667,1.6013362411987493,0.6778084963521591,0.571835370931736
26,0.9115942028985508,0.9118787991898358,0.9115215567243379,0.9115332024583982,0.22552807642651623,1.637810905666163,0.6778084963521591,0.571835370931736
27,0.9111111111111112,0.911385307137025,0.9110407874935685,0.911051258110381,0.21990773441567762,1.6714486463424918,0.6763159019759695,0.5703886085283733
28,0.9111111111111112,0.911385307137025,0.9110407874935685,0.911051258110381,0.21405694917543264,1.7069268544796121,0.6763159019759695,0.5703886085283734
29,0.9111111111111112,0.911385307137025,0.9110407874935685,0.911051258110381,0.2085326438390406,1.7423075748920602,0.6763159019759695,0.5703886085283733
30,0.9111111111111112,0.911385307137025,0.9110407874935685,0.911051258110381,0.20296430558081555,1.7797211750306765,0.6763159019759695,0.5703886085283733
31,0.9115942028985508,0.9118787991898358,0.9115215567243379,0.9115332024583982,0.19817837364101276,1.8133243788527564,0.6778084963521591,0.5718353709317361
32,0.9115942028985508,0.9118787991898358,0.9115215567243379,0.9115332024583982,0.19345253243857985,1.8477574802382157,0.6778084963521591,0.5718353709317361
33,0.9111111111111112,0.911385307137025,0.9110407874935685,0.911051258110381,0.18904871672295695,1.8800412327768616,0.6763159019759695,0.5703886085283734
34,0.9115942028985508,0.9118787991898358,0.9115215567243379,0.9115332024583982,0.18453496623804433,1.9150902340429519,0.6778084963521591,0.5718353709317362
35,0.9115942028985508,0.9118787991898358,0.9115215567243379,0.9115332024583982,0.18060618942084142,1.9461800133126754,0.6778084963521591,0.5718353709317361
36,0.9120772946859903,0.9123675518719032,0.9120166062292882,0.9120174588641301,0.176422980230887,1.9794148808075485,0.6794788482398225,0.5737340643975771
37,0.9111111111111112,0.911385307137025,0.9110407874935685,0.911051258110381,0.1726791070085008,2.011408149467229,0.6763159019759695,0.5703886085283734
38,0.9111111111111112,0.911385307137025,0.9110407874935685,0.911051258110381,0.1693404309188133,2.040368682122345,0.6763159019759695,0.5703886085283733
39,0.9111111111111112,0.911385307137025,0.9110407874935685,0.911051258110381,0.16559274827358883,2.074172468672425,0.6763159019759695,0.5703886085283733
40,0.9120772946859903,0.9123585529629891,0.9119954903736268,0.912015434260853,0.16187538334330273,2.1093689215143634,0.679460148047639,0.5735511542376541
41,0.9115942028985508,0.9118787991898358,0.9115215567243379,0.9115332024583982,0.1584221030870496,2.143508923809064,0.6778084963521591,0.571835370931736
42,0.9120772946859903,0.9123585529629891,0.9119954903736268,0.912015434260853,0.1550590799034102,2.176068405236364,0.679460148047639,0.5735511542376541
43,0.9111111111111112,0.911385307137025,0.9110407874935685,0.911051258110381,0.15228229769600393,2.2043378412830514,0.6763159019759695,0.5703886085283733
44,0.9115942028985508,0.9118650609101785,0.9115147211428576,0.9115334899128358,0.14911844644567185,2.2360365672900597,0.6779675536714492,0.5721043918342914
45,0.9120772946859903,0.9123585529629891,0.9119954903736268,0.912015434260853,0.14656849214387577,2.264599400148151,0.679460148047639,0.5735511542376541
46,0.9120772946859903,0.9123585529629891,0.9119954903736268,0.912015434260853,0.1437953602875927,2.2958783830073495,0.679460148047639,0.5735511542376542
47,0.9120772946859903,0.9123585529629891,0.9119954903736268,0.912015434260853,0.14094375595577793,2.3273899400244344,0.679460148047639,0.5735511542376541
48,0.9120772946859903,0.9123585529629891,0.9119954903736268,0.912015434260853,0.13835522760893137,2.357010877779562,0.679460148047639,0.5735511542376542
49,0.9115942028985508,0.9118650609101785,0.9115147211428576,0.9115334899128358,0.13595683718510762,2.3842005335024767,0.6779675536714492,0.5721043918342914
50,0.9130434782608697,0.9134024092010901,0.912948216986457,0.9129770077454085,0.13354097797175016,2.4132980093971166,0.6826325297139443,0.5770236525783604
51,0.91256038647343,0.9129226554279368,0.9124742833371677,0.9124947759429537,0.1309995549549796,2.446510482017439,0.6809808780184646,0.5753078692724423
52,0.9115942028985508,0.9119039680950923,0.9115262243867723,0.9115328804021123,0.12863351726387146,2.4769615592665004,0.677892743386806,0.5721301619368655
53,0.91256038647343,0.9128494225926446,0.9124888464439639,0.912501878425758,0.12630742008504192,2.5112191171600067,0.6810088243999036,0.5751406062069647
54,0.8362318840579711,0.7862954091003044,0.835687128744188,0.8025731559700665,0.10161055626990034,1.9894492593870055,0.5632916333047894,0.47893971110842876
55,0.9130434782608697,0.9133543452710544,0.9129674477556875,0.912983788171927,0.12190602124654897,2.5692653393525022,0.6827447231300302,0.5771511805180121
56,0.9135265700483093,0.9138478373238652,0.9134482169864568,0.9134657325199441,0.11990498252255792,2.5991660260801233,0.6842373175062197,0.5785979429213748
57,0.9130434782608697,0.9133543452710544,0.9129674477556875,0.912983788171927,0.11770620638391656,2.628964352850187,0.6827447231300302,0.5771511805180121
58,0.9130434782608697,0.9134024092010901,0.912948216986457,0.9129770077454085,0.11587175945049544,2.657755166777567,0.6826325297139443,0.5770236525783605
59,0.9130434782608697,0.9134024092010901,0.912948216986457,0.9129770077454085,0.11398328212939528,2.686642523572584,0.6826325297139443,0.5770236525783604
60,0.9130434782608697,0.9133265724693256,0.9129809272668308,0.9129855752356016,0.11221932244731599,2.7181637677702475,0.6826324233645064,0.5768602275764242
61,0.9120772946859903,0.912397460147903,0.9120069936175416,0.9120148247501294,0.11042691873259676,2.7463708903532043,0.6793853377629956,0.5735769243402282
62,0.9130434782608697,0.9133265724693256,0.9129809272668308,0.9129855752356016,0.10855793471097057,2.777961408676675,0.6826324233645064,0.5768602275764242
63,0.9130434782608695,0.9132995042208816,0.9130069936175417,0.9129914297750172,0.10696467503358156,2.808930267543952,0.6825855695466814,0.5767423231660852
64,0.9130434782608695,0.9132995042208816,0.9130069936175417,0.9129914297750172,0.10534373146739706,2.838511147352482,0.6825855695466814,0.5767423231660853
65,0.9115942028985508,0.9119011701125685,0.911507547198623,0.9115307824796339,0.10328948813612071,2.865941521973014,0.677892764669245,0.5720515715033408
66,0.9140096618357489,0.9142353282229017,0.9139809272668307,0.9139613329925123,0.10215822520293123,2.8981398456752534,0.6858513828251857,0.5800879894113009
67,0.9130434782608697,0.9133097975976006,0.9129954903736268,0.9129890105802181,0.10059108461254378,2.9284739001148328,0.682744700644362,0.5770637563445647
68,0.9120772946859903,0.912377358299738,0.9120215567243377,0.912018692435893,0.09901253167219046,2.959226340095261,0.6794882510712275,0.5737500941430677
69,0.9120772946859905,0.9123485879051584,0.9120007116171429,0.9120190919280817,0.09703569820794611,2.9866879678325793,0.679656631566574,0.57395780164365
70,0.9144927536231885,0.9147518454750468,0.9144499104210704,0.914440048132094,0.0957920508228524,3.0196534623127995,0.6875685871074826,0.5821174581984778
71,0.91256038647343,0.9128772139210565,0.9124809272668308,0.9124970565525843,0.09430158078752775,3.0502360925210565,0.6810369894584755,0.5752927076461464
72,0.9140096618357487,0.9142680106761023,0.9139759767717812,0.913957917983204,0.09292223053679788,3.083291918402699,0.6859075731298245,0.5803567999378443
73,0.9140096618357487,0.9142680106761023,0.9139759767717812,0.913957917983204,0.09170707045317353,3.1101463865078083,0.6859075731298245,0.5803567999378444
74,0.9140096618357487,0.9142680106761023,0.9139759767717812,0.913957917983204,0.09043358697670249,3.139361420275759,0.6859075731298245,0.5803567999378443
75,0.9130434782608697,0.9133265724693256,0.9129809272668308,0.9129855752356016,0.08895911235675052,3.1722670072142485,0.6826324233645064,0.5768602275764242
76,0.9130434782608697,0.9133265724693256,0.9129809272668308,0.9129855752356016,0.08772111946318421,3.2006250986893408,0.6826324233645064,0.5768602275764242
77,0.91256038647343,0.9128571120728912,0.9124954903736269,0.9125009242383477,0.08644334635581423,3.2334415249870565,0.6811399027667073,0.5754658774489856
78,0.91256038647343,0.9128330804165149,0.9125001580360614,0.9125036308875846,0.08498032993348245,3.264419708054761,0.6811398289883168,0.5754134651730615
79,0.8342995169082126,0.7828068421189618,0.8309949351779202,0.7990540642901525,0.0679526018000686,2.643405817822327,0.5481597045199922,0.4644888964413082
80,0.9135265700483093,0.9138418529601602,0.9134501932536851,0.9134645246633146,0.0828416203585868,3.325338374762756,0.6842935278904748,0.5786952620053867
81,0.9140096618357489,0.9143306056422276,0.9139452427586358,0.9139487810690465,0.08163069648333648,3.355284945988162,0.6859638797781382,0.5805939554712278
82,0.9130434782608695,0.9132820483003314,0.9129809272668308,0.9129884684696765,0.08047727101618293,3.3878580258794586,0.6827259006229107,0.5769069900006905
83,0.91256038647343,0.9128330804165149,0.9125001580360614,0.9125036308875846,0.07930647312787056,3.418860115755398,0.6811398289883168,0.5754134651730615
84,0.91256038647343,0.9128438627815427,0.9124886547921467,0.9125013808605058,0.07833290306485652,3.4505447066966304,0.6813176709020105,0.5757865098175967
85,0.7531400966183576,0.6515879705549992,0.7493293215694191,0.6845716579453118,0.11009417474411229,2.212145755476745,0.41679620520426425,0.3548478732306609
86,0.91256038647343,0.9128228625062216,0.9125193832595547,0.9125059155165115,0.07609531785485588,3.515517247000387,0.6814298816728506,0.5761409730512181
87,0.91256038647343,0.9128675566671903,0.9124740916853507,0.9124972423534572,0.07506051791207737,3.540874461812252,0.6812054090599438,0.5756066035034167
88,0.91256038647343,0.9128406233382883,0.9124979845712785,0.9125017371804354,0.07371671161108564,3.576745428619637,0.681495405412188,0.5763023070029939
89,0.7483091787439614,0.7466048648818197,0.7452961507667784,0.6805681453029612,0.10288075870987326,2.3159314181305044,0.40041820135830725,0.33716787310223434
90,0.9135265700483093,0.9137427974750413,0.9134787538020477,0.9134748788651919,0.07186489021607377,3.650801178926072,0.6846675607222288,0.5793566076917982
91,0.9115942028985508,0.9118350225527141,0.9115013328125123,0.9115354111929502,0.07097263508735056,3.6880976516856,0.6782763361651527,0.5725968367562844
92,0.9130434782608695,0.9132862396734671,0.9130094878151933,0.9129919193788132,0.06955577731655453,3.7221798229306473,0.6829130168475699,0.5775150489867485
93,0.9106280193236715,0.9108632027248176,0.910553465513934,0.9105712356878077,0.0691893446126283,3.758141411420206,0.6749449464116419,0.5690275637257122
94,0.9101449275362319,0.9103487285936751,0.91006802862073,0.9100894721349251,0.06847640657273188,3.789183647308365,0.6733774675862987,0.5673294141707328
95,0.910144927536232,0.9104527513614624,0.9100649687578486,0.9100821074940668,0.0672489533454583,3.825862232375819,0.6732747022209676,0.5674858138980081
96,0.9101449275362319,0.9104107091054914,0.9100649687578487,0.9100845890019883,0.06626791268838872,3.862563632717277,0.6731716845030162,0.5671251386950322
97,0.9106280193236715,0.9108723346708498,0.9105910971798583,0.9105753413167536,0.06480987684071707,3.904641104764056,0.6749542680820028,0.5692771771423354
98,0.9106280193236715,0.9108723346708498,0.9105910971798583,0.9105753413167536,0.06387891242528433,3.94289224719265,0.6749542680820028,0.5692771771423354
99,0.910144927536232,0.9104112515474352,0.9101358407187184,0.9100945078028617,0.06318448596437794,3.9819166393882726,0.673302616386523,0.567727770243773
100,0.9111111111111111,0.9113541741107019,0.9110973791802568,0.9110613741017201,0.06251707667362782,4.0127961635994565,0.6763438480792494,0.5706011324675649
